{
  "hosting": {
    "public": "build/web",
    "ignore": [
      "firebase.json",
      "**/.*",
      "**/node_modules/**"
    ],
    "rewrites": [
      {
        "source": "**",
        "destination": "/index.html"
      }
    ],
    "headers": [
      {
        "source": "**",
        "headers": [
          {
            "key": "Cache-Control",
            "value": "no-cache, no-store, must-revalidate"
          },
          {
            "key": "Pragma",
            "value": "no-cache"
          },
          {
            "key": "Expires",
            "value": "0"
          }
        ]
      }
    ]
  }
}
